PredictedFitness,PredictedLabel,SimulatedFitness,SimulatedLabel,Same/Different,Index,TL,BL,IC
6.28057250992982,1,0.3354,1,1,377,-2.33320593388522,-4.84060352125,5.87459907615102
6.39033267981686,1,-3.7796,0,0,590,5.55817591348772,-2.04669702219664,-1.47934554544278
6.39033267981686,1,-3.7796,0,0,590,5.55817591348772,-2.04669702219664,-1.47934554544278
