PredictedFitness,PredictedLabel,SimulatedFitness,SimulatedLabel,Same/Different,Index,Xt1,Xt2,Xt3,Xv1,Xv2,Xv3,Vv1,Vv2,Vv3,Vt1,Vt2,Vt3,r
-0.758046567424317,0,0.689649577496271,1,0,338,-66.6197394869902,-62.2981351218552,62.3759383993491,92.6680918287746,7.31757476436616,-13.349597252826,56.5499106806261,67.5736926650899,91.2502823715769,-80.4186049700838,-91.9161841583581,79.5186183293999,55.6777461361933
-0.858064732937857,0,-0.998080103654623,0,1,378,-78.1314378260687,-95.7936542493624,71.9690454102648,83.0312424041057,88.5697105157278,52.4715891578607,89.5310495105236,49.9363306074046,-84.7367305592684,-19.3328616544163,-80.5114659701794,29.5334572270243,15.5041436373207
-0.858064732937857,0,-0.998116298801087,0,1,378,-78.1314378260687,-95.7936542493624,71.9690454102648,83.0312424041057,88.5697105157278,52.4715891578607,89.5310495105236,49.9363306074046,-84.7367305592684,-19.3328616544163,-80.5114659701794,29.5334572270243,15.5041436373207
