PredictedFitness,PredictedLabel,SimulatedFitness,SimulatedLabel,Same/Different,Index,Xin1,Xin2,Xin3,Xin4,Xin5,Xin6,Xin7,Xin8,Xin9,Xin10,Xin11,TL,BL,IC
4.73713764798505,1,16.633,1,1,370,-4.92245069476593,13.7034737442542,-2.44077209134307,-9.10658022211765,-16.9666330615752,6.38490324775188,0.20969522501575,5.33494409202189,4.63878443629658,-3.33866338834249,18.0405083438723,8.46015781851617,-8.17270407077332,-5.1814179019712
5.08786647675326,1,12.5138,1,1,384,-4.51227180742789,18.1802783644472,-0.896803200914647,-19.4576337868992,-14.4018772135643,-18.7845603035123,5.01744316789471,19.2321281774146,-2.15392991082041,2.0640497204315,-16.6923562051937,5.68874427196281,-6.82498307369031,5.25180979288768
4.90191137473142,1,13.7169,1,1,395,8.60958574989656,18.1745010721691,-7.82569407813393,-6.33777701779328,19.0411931816157,18.6426320112793,-18.5829130002364,-14.7581299602271,-19.1794915044409,-2.98971057438236,3.7969141774548,8.09668772105858,-5.6200739758738,4.92952312775027
5.104887659135,1,14.8245,1,1,432,18.4715036907763,-18.1081460360403,2.54361292252831,18.409426006321,15.7629437526175,0.316177718154378,-7.62883181675038,12.8998217018459,-7.10151160556762,-16.9321665778918,-16.0011020760356,5.76752665203631,-9.05686949032816,-2.01955343578523
5.1369776307375,1,12.6294,1,1,553,15.581238065954,11.0718471689053,18.5984097235447,-11.9567865520585,-9.6504947713988,4.1797672762204,0.416608861965177,5.74915652560266,-19.24470874333,-1.33521262980696,-1.79199276471142,8.35147547316858,-4.27785367151361,14.0590767947352
4.81048260173553,1,15.8624,1,1,576,-2.50064090916358,17.6969055906228,-4.62349780126436,13.0206351592391,-17.8402160694614,-13.3769554027252,-2.31209945292191,13.318238442936,14.6643834675696,-10.1799739129235,-16.5051583199221,5.89544478789423,-9.96681096845711,11.28997723754
4.79910179678837,1,9.3665,1,1,602,8.77448144621467,4.54503540005177,-2.08974920302675,11.3594380876803,8.04812302787306,6.87107355720031,4.3615291661123,6.67645882184876,-7.78050649724607,-7.99259429583741,5.38079417706301,1.55553982188989,-7.81081293586837,9.88178194069449
