PredictedFitness,PredictedLabel,SimulatedFitness,SimulatedLabel,Same/Different,Index,Standby1,Standby2,Standby3,Apfail1,Apfail2,Apfail3,Supported1,Supported2,Supported3,Limits1,Limits2,Limits3
0.824536545240762,1,1,1,1,309,1,1,1,1,1,0,0,1,1,1,0,1
1.36107440151179,1,1,1,1,314,1,0,1,1,1,1,0,1,1,0,0,0
0.903210225750144,1,1,1,1,316,0,0,1,1,0,1,0,1,0,1,0,0
1.32250464776959,1,1,1,1,318,1,0,1,0,1,1,0,0,0,1,0,0
1.02160019422396,1,1,1,1,321,1,1,1,1,0,1,0,1,1,1,1,0
0.88892906287444,1,1,1,1,326,1,0,1,0,1,0,0,1,0,0,0,1
0.856947473359896,1,1,1,1,327,1,1,0,0,1,1,1,1,0,0,1,1
1.66063904522386,1,1,1,1,328,1,0,1,1,0,1,0,1,0,0,0,0
1.66063904522386,1,1,1,1,328,1,0,1,1,0,1,0,1,0,0,0,0
